Row, j = 1, j = 2
i = 1,2.7083756662336,6.91103201442665e-09
i = 2,6.91103201442665e-09,2.7083756662336
