Row, j = 1, j = 2
i = 1,5.04276498599188,2.44711674074297e-09
i = 2,2.44711674074297e-09,5.04276498599188
