Row, j = 1, j = 2
i = 1,7.25091526715362,2.67693975052808e-09
i = 2,2.67693975052808e-09,7.25091526715362
