Row, j = 1, j = 2
i = 1,1.45445564164629,1.24050712787358e-08
i = 2,1.24050712787358e-08,1.45445564164629
