Row, j = 1, j = 2
i = 1,3.27714083319563,6.17403822328069e-09
i = 2,6.17403822328069e-09,3.27714083319562
