Row, j = 1, j = 2
i = 1,10.3651105241404,3.78720828039352e-09
i = 2,3.78720828039352e-09,10.3651105241404
