Row, j = 1, j = 2
i = 1,1.89763682988,9.10655985197273e-09
i = 2,9.10655985197273e-09,1.89763682988001
