Row, j = 1, j = 2
i = 1,2.55564431216527,7.18078584667695e-09
i = 2,7.18078584667695e-09,2.55564431216527
