Row, j = 1, j = 2
i = 1,6.43895635612109,2.59746371174226e-09
i = 2,2.59746371174226e-09,6.43895635612109
