Row, j = 1, j = 2
i = 1,1.29346465753075,1.50564153537549e-08
i = 2,1.50564153537549e-08,1.29346465753075
