Row, j = 1, j = 2
i = 1,4.77867463774587,5.15026483391705e-09
i = 2,5.15026483391705e-09,4.77867463774587
