Row, j = 1, j = 2
i = 1,1.21254725848019,2.26372017237745e-07
i = 2,2.26372017237745e-07,1.21254725848019
