Row, j = 1, j = 2
i = 1,1.64972622960834,1.83867402404958e-09
i = 2,1.83867402404958e-09,1.64972622960834
