Row, j = 1, j = 2
i = 1,4.4618072343587,2.37599881152429e-09
i = 2,2.37599881152429e-09,4.4618072343587
