Row, j = 1, j = 2
i = 1,2.01680034760908,1.94382944977541e-09
i = 2,1.94382944977541e-09,2.01680034760908
