Row, j = 1, j = 2
i = 1,10.7140810572541,3.02672937672602e-09
i = 2,3.02672937672602e-09,10.7140810572541
