Row, j = 1, j = 2
i = 1,11.5677189781229,3.54781138956928e-09
i = 2,3.54781138956928e-09,11.5677189781229
