Row, j = 1, j = 2
i = 1,2.71368684135613,2.82940151193206e-06
i = 2,2.82940151193206e-06,2.71368684135613
