Row, j = 1, j = 2
i = 1,0.481813300172772,1.22713436776166e-09
i = 2,1.22713436776166e-09,0.481813300172772
