Row, j = 1, j = 2
i = 1,5.70126610173723,2.52089827087972e-09
i = 2,2.52089827087972e-09,5.70126610173723
