Row, j = 1, j = 2
i = 1,6.1989128283797,4.63666185225117e-09
i = 2,4.63666185225117e-09,6.1989128283797
