Row, j = 1, j = 2
i = 1,1.36467094731157,1.74048801292365e-09
i = 2,1.74048801292365e-09,1.36467094731157
