Row, j = 1, j = 2
i = 1,5.19917097657956,4.97154357830783e-09
i = 2,4.97154357830783e-09,5.19917097657956
