Row, j = 1, j = 2
i = 1,1.05894819760909,1.1207986558746e-07
i = 2,1.1207986558746e-07,1.05894819760909
