Row, j = 1, j = 2
i = 1,11.8143134787109,3.22292043561214e-09
i = 2,3.22292043561214e-09,11.8143134787109
