Row, j = 1, j = 2
i = 1,9.6269347309335,3.9144373398079e-09
i = 2,3.9144373398079e-09,9.6269347309335
