Row, j = 1, j = 2
i = 1,7.43061074257181,4.32938231276116e-09
i = 2,4.32938231276116e-09,7.43061074257181
