Row, j = 1, j = 2
i = 1,2.15103200072984,1.50398074429121e-06
i = 2,1.50398074429121e-06,2.15103200072984
