Row, j = 1, j = 2
i = 1,1.77765001857268,8.62799940949997e-07
i = 2,8.62799940949997e-07,1.77765001857268
