Row, j = 1, j = 2
i = 1,1.49841672547966,1.78874516445604e-09
i = 2,1.78874516445604e-09,1.49841672547966
