Row, j = 1, j = 2
i = 1,1.01012903733155,3.63766741038923e-08
i = 2,3.63766741038923e-08,1.01012903733155
