Row, j = 1, j = 2
i = 1,2.78735865586613,2.11596037677106e-09
i = 2,2.11596037677106e-09,2.78735865586613
