Row, j = 1, j = 2
i = 1,5.5979883315597,3.30857430860373e-05
i = 2,3.30857430860373e-05,5.5979883315597
