Row, j = 1, j = 2
i = 1,1.0980535632691,2.28540997419306e-08
i = 2,2.28540997419306e-08,1.0980535632691
