Row, j = 1, j = 2
i = 1,1.12159520974937,1.56947020689186e-07
i = 2,1.56947020689186e-07,1.12159520974937
