Row, j = 1, j = 2
i = 1,11.0327459420616,3.66508061527065e-09
i = 2,3.66508061527065e-09,11.0327459420616
