Row, j = 1, j = 2
i = 1,2.07688075164269,8.40020541889635e-09
i = 2,8.40020541889635e-09,2.07688075164269
