Row, j = 1, j = 2
i = 1,11.9306296448627,0.000115386935056838
i = 2,0.000115386935056838,11.9306296448627
