Row, j = 1, j = 2
i = 1,9.02286948252287,2.84516461706838e-09
i = 2,2.84516461706838e-09,9.02286948252287
