Row, j = 1, j = 2
i = 1,0.962548536287986,1.56289044137625e-09
i = 2,1.56289044137625e-09,0.962548536287986
