Row, j = 1, j = 2
i = 1,8.12949571961329,4.18524376555761e-09
i = 2,4.18524376555761e-09,8.12949571961329
