Row, j = 1, j = 2
i = 1,8.8694168663063,4.04702501644731e-09
i = 2,4.04702501644731e-09,8.86941686630629
