Row, j = 1, j = 2
i = 1,0.292748131459231,2.25632326280332e-07
i = 2,2.25632326280332e-07,0.292748131459231
