Row, j = 1, j = 2
i = 1,1.68211257283587,1.03106185556184e-08
i = 2,1.03106185556184e-08,1.68211257283587
