Row, j = 1, j = 2
i = 1,0.769544917971862,1.08014913336666e-06
i = 2,1.08014913336666e-06,0.769544917971863
