Row, j = 1, j = 2
i = 1,11.9963605283197,3.32694246285973e-09
i = 2,3.32694246285973e-09,11.9963605283197
