Row, j = 1, j = 2
i = 1,1.04341148250936,2.86437540510845e-08
i = 2,2.86437540510845e-08,1.04341148250936
