Row, j = 1, j = 2
i = 1,2.1797672142522,8.07260974869451e-09
i = 2,8.07260974869451e-09,2.1797672142522
