Row, j = 1, j = 2
i = 1,0.113068753150606,5.24446032983957e-08
i = 2,5.24446032983957e-08,0.113068753150606
