Row, j = 1, j = 2
i = 1,2.49486527105451,2.05655479721003e-09
i = 2,2.05655479721003e-09,2.49486527105451
