Row, j = 1, j = 2
i = 1,1.82517676476189,4.6650852981112e-06
i = 2,4.6650852981112e-06,1.82517676476189
