Row, j = 1, j = 2
i = 1,0.621219594579733,1.34735647364263e-09
i = 2,1.34735647364263e-09,0.621219594579733
