Row, j = 1, j = 2
i = 1,0.306178198547599,1.024083546748e-09
i = 2,1.024083546748e-09,0.306178198547599
