Row, j = 1, j = 2
i = 1,2.2929557566981,7.76076328278275e-09
i = 2,7.76076328278275e-09,2.2929557566981
