Row, j = 1, j = 2
i = 1,1.01898081748862,8.20891987789241e-08
i = 2,8.20891987789241e-08,1.01898081748862
