Row, j = 1, j = 2
i = 1,0.538685342315197,6.00362925494456e-07
i = 2,6.00362925494456e-07,0.538685342315197
