Row, j = 1, j = 2
i = 1,0.156463742713776,8.55101177025243e-08
i = 2,8.55101177025243e-08,0.156463742713776
