Row, j = 1, j = 2
i = 1,1.74781412453689,9.88838282900301e-09
i = 2,9.88838282900301e-09,1.74781412453689
