Row, j = 1, j = 2
i = 1,2.23976853785101,1.99920604343588e-09
i = 2,1.99920604343588e-09,2.23976853785101
