Row, j = 1, j = 2
i = 1,5.04149944555264,1.33840303748454e-05
i = 2,1.33840303748454e-05,5.04149944555264
