Row, j = 1, j = 2
i = 1,3.50938998186653,2.24130224366557e-09
i = 2,2.24130224366557e-09,3.50938998186653
