Row, j = 1, j = 2
i = 1,4.07207381760127,5.53233569983158e-09
i = 2,5.53233569983158e-09,4.07207381760127
