Row, j = 1, j = 2
i = 1,4.40465391022176,5.33704908131079e-09
i = 2,5.33704908131079e-09,4.40465391022176
