Row, j = 1, j = 2
i = 1,3.06664337816632,6.40832299566069e-09
i = 2,6.40832299566069e-09,3.06664337816632
