Row, j = 1, j = 2
i = 1,9.90752588361912,2.93420234133664e-09
i = 2,2.93420234133664e-09,9.90752588361912
