Row, j = 1, j = 2
i = 1,0.995497786226212,4.68862031409588e-08
i = 2,4.68862031409588e-08,0.995497786226212
