Row, j = 1, j = 2
i = 1,0.0841174924348341,3.38846516108423e-08
i = 2,3.38846516108423e-08,0.0841174924348341
