Row, j = 1, j = 2
i = 1,5.67112306240094,4.8004721546545e-09
i = 2,4.8004721546545e-09,5.67112306240094
