Row, j = 1, j = 2
i = 1,2.41774802419082,7.46376823348406e-09
i = 2,7.46376823348406e-09,2.41774802419082
