Row, j = 1, j = 2
i = 1,0.998373810543843,6.14513564020532e-08
i = 2,6.14513564020532e-08,0.998373810543843
