Row, j = 1, j = 2
i = 1,0.391240115460651,3.57874619543148e-07
i = 2,3.57874619543148e-07,0.391240115460651
