Row, j = 1, j = 2
i = 1,0.887140111059379,1.52205249296141e-09
i = 2,1.52205249296141e-09,0.887140111059379
