Row, j = 1, j = 2
i = 1,1.34088433761262,3.38125001017705e-07
i = 2,3.38125001017705e-07,1.34088433761262
