Row, j = 1, j = 2
i = 1,0.380942408904571,1.11992691191863e-09
i = 2,1.11992691191863e-09,0.380942408904571
