Row, j = 1, j = 2
i = 1,1.24609666161863,1.69383601492703e-09
i = 2,1.69383601492703e-09,1.24609666161863
