Row, j = 1, j = 2
i = 1,1.82141614155036,1.89034438289492e-09
i = 2,1.89034438289492e-09,1.82141614155036
