Row, j = 1, j = 2
i = 1,11.9060967155969,3.43517102029022e-09
i = 2,3.43517102029022e-09,11.9060967155969
