Row, j = 1, j = 2
i = 1,0.819334538677695,1.48252985397922e-09
i = 2,1.48252985397922e-09,0.819334538677695
