Row, j = 1, j = 2
i = 1,1.17881876087319,1.84514599186658e-08
i = 2,1.84514599186658e-08,1.17881876087319
