Row, j = 1, j = 2
i = 1,3.95304249056532,2.30743018696395e-09
i = 2,2.30743018696395e-09,3.95304249056532
