Row, j = 1, j = 2
i = 1,0.224480992600362,1.48900727890134e-07
i = 2,1.48900727890134e-07,0.224480992600362
