Row, j = 1, j = 2
i = 1,11.3717695162572,3.12291069774845e-09
i = 2,3.12291069774845e-09,11.3717695162572
