Row, j = 1, j = 2
i = 1,2.8779402135745,6.65377325048973e-09
i = 2,6.65377325048973e-09,2.8779402135745
