Row, j = 1, j = 2
i = 1,1.04663637343984,1.60509643338388e-09
i = 2,1.60509643338388e-09,1.04663637343984
