Row, j = 1, j = 2
i = 1,3.12327862663794,2.17751171195515e-09
i = 2,2.17751171195515e-09,3.12327862663794
