Row, j = 1, j = 2
i = 1,3.59767853343802,5.8396526257967e-06
i = 2,5.8396526257967e-06,3.59767853343802
