Row, j = 1, j = 2
i = 1,1.14066140296634,1.64872568237686e-09
i = 2,1.64872568237686e-09,1.14066140296634
