Row, j = 1, j = 2
i = 1,6.78541959886534,4.4797467722843e-09
i = 2,4.4797467722843e-09,6.78541959886534
