Row, j = 1, j = 2
i = 1,1.52123374123319,5.2661931048498e-07
i = 2,5.2661931048498e-07,1.52123374123319
