Row, j = 1, j = 2
i = 1,8.12198190836085,2.75945984059611e-09
i = 2,2.75945984059611e-09,8.12198190836085
