Row, j = 1, j = 2
i = 1,9.15997074074906,7.77888591057536e-05
i = 2,7.77888591057536e-05,9.15997074074905
