Row, j = 1, j = 2
i = 1,0.0640914871737326,2.28363940296319e-08
i = 2,2.28363940296319e-08,0.0640914871737326
