Row, j = 1, j = 2
i = 1,3.77614673697984,5.7365922040403e-09
i = 2,5.7365922040403e-09,3.77614673697984
