Row, j = 1, j = 2
i = 1,3.51248164884366,5.95031631805808e-09
i = 2,5.95031631805808e-09,3.51248164884366
