Row, j = 1, j = 2
i = 1,1.15131795856695,2.12298399277417e-06
i = 2,2.12298399277417e-06,1.15131795856695
