Row, j = 1, j = 2
i = 1,1.81943649459384,9.48745468620689e-09
i = 2,9.48745468620689e-09,1.81943649459385
