Row, j = 1, j = 2
i = 1,7.39106041777072,3.33855152682658e-05
i = 2,3.33855152682658e-05,7.39106041777072
