Row, j = 1, j = 2
i = 1,10.5363437394578,7.83298561217237e-05
i = 2,7.83298561217237e-05,10.5363437394578
