Row, j = 1, j = 2
i = 1,1.9831654169523,8.74451190146206e-09
i = 2,8.74451190146206e-09,1.9831654169523
