Row, j = 1, j = 2
i = 1,3.10012058321415,1.17145875290619e-05
i = 2,1.17145875290619e-05,3.10012058321415
